feature_index,importance,rank
0,0.14851482,1.0
1,0.14452998,2.0
2,0.08744861,6.0
3,0.052050486,8.0
4,0.07149244,7.0
5,0.14143327,4.0
6,0.1323859,5.0
7,0.14321482,3.0
