feature_index,importance,rank
0,0.15464337,2.0
1,0.077158906,7.0
2,0.15306856,3.0
3,0.11919086,5.0
4,0.034967713,8.0
5,0.10625604,6.0
6,0.17559388,1.0
7,0.12785594,4.0
